"monto","patente"
28281.627444444446,"BEF345"
22960603.98801389,"ABC134"
22960603.98801389,"ABC134"
22971213.780666668,"ABC134"
0,""
22971213.780666668,"ABC134"