"monto","patente"
28281.627444444446,"BEF345"
22960603.98801389,"ABC134"